date,id,longitude,latitude,time,total_precipitation_sum,temperature_2m,potential_evaporation_sum,u_component_of_wind_10m,v_component_of_wind_10m,year,month,month_name,tempC,precip_mm,pet_mm,wind_speed,balance,SPEI_3
2015-01-01,201501,-3.0500139515596465,51.750236719085805,1420070400000,0.0846667953304241,276.7722464530699,-0.038975782692432404,2.9948562819470643,1.0816833985749112,2015,1,January,3.62224645306992,84.6667953304241,38.975782692432404,3.1842115388696093,45.69101263799169,
2015-02-01,201502,-3.0500139515596465,51.750236719085805,1422748800000,0.048987326843871415,275.8907320840018,-0.037560366094112396,1.273453767810549,-0.17562983291489737,2015,2,February,2.74073208400182,48.987326843871415,37.560366094112396,1.285507812874196,11.426960749759019,
2015-03-01,201503,-3.0500139515596465,51.750236719085805,1425168000000,0.05447840154552708,277.9869347233926,-0.08122453093528748,1.6477653723891064,0.07299686503666704,2015,3,March,4.8369347233926305,54.47840154552708,81.22453093528748,1.649381479449127,-26.746129389760398,0.26469904728213967
2015-04-01,201504,-3.0500139515596465,51.750236719085805,1427846400000,0.019128910355163953,281.1968927383423,-0.13686831295490265,0.4657440053092109,-0.2992257038752238,2015,4,April,8.046892738342308,19.128910355163953,136.86831295490265,0.5535824241620116,-117.7394025997387,-0.6230651944972467
2015-05-01,201505,-3.0500139515596465,51.750236719085805,1430438400000,0.092767488722167,282.6944508091096,-0.14994248747825623,1.9373884931687386,0.7459271133586924,2015,5,May,9.544450809109605,92.767488722167,149.94248747825623,2.07602539288571,-57.174998756089224,-0.9927161277588549
2015-06-01,201506,-3.0500139515596465,51.750236719085805,1433116800000,0.05717048237001521,285.99564334021676,-0.17529916763305664,1.3045752935939365,0.17032863431506687,2015,6,June,12.845643340216782,57.17048237001521,175.29916763305664,1.3156475745135328,-118.12868526304143,-1.4586096932677224
2015-07-01,201507,-3.0500139515596465,51.750236719085805,1435708800000,0.08872459490748597,287.4101199693577,-0.16369426250457764,2.049538912311677,0.9298583910029422,2015,7,July,14.260119969357731,88.72459490748597,163.69426250457764,2.25061022400555,-74.96966759709167,-1.2451096851376913
2015-08-01,201508,-3.0500139515596465,51.750236719085805,1438387200000,0.14884414201072715,287.29050150225237,-0.1184878945350647,1.0096235441905197,1.106218981486495,2015,8,August,14.140501502252391,148.84414201072715,118.4878945350647,1.4976849254715907,30.356247475662457,-0.7845143459138755
2015-09-01,201509,-3.0500139515596465,51.750236719085805,1441065600000,0.05200414029468803,284.4739077674018,-0.09809702634811401,0.08130457268820869,-0.4774660441610548,2015,9,September,11.323907767401806,52.00414029468803,98.09702634811401,0.4843389896207186,-46.092886053425985,-0.3905689247428692
2015-10-01,201510,-3.0500139515596465,51.750236719085805,1443657600000,0.07058553445653715,282.8740606410529,-0.05278176814317703,-0.368545272017038,-0.1807131536545292,2015,10,October,9.724060641052915,70.58553445653715,52.78176814317703,0.41046663863203064,17.803766313360114,0.11486728191437341
2015-11-01,201511,-3.0500139515596465,51.750236719085805,1446336000000,0.0982397222929734,281.93567820654977,-0.04701942950487137,3.2423099054230584,1.6169869661331178,2015,11,November,8.78567820654979,98.2397222929734,47.01942950487137,3.6231506139614,51.22029278810203,0.22560187100128418
2015-12-01,201512,-3.0500139515596465,51.750236719085805,1448928000000,0.1644350144786877,281.96216166916713,-0.04759318381547928,2.542529756023038,4.143141754211918,2015,12,December,8.812161669167153,164.4350144786877,47.59318381547928,4.861078188607624,116.84183066320841,1.0202597250627976
2016-01-01,201601,-3.0500139515596465,51.750236719085805,1451606400000,0.12395139918102771,277.5944421009351,-0.027098730206489563,1.766424439286673,1.8401555489468318,2016,1,January,4.4444421009351345,123.95139918102771,27.098730206489563,2.550770029624202,96.85266897453815,1.354662646453584
2016-02-01,201602,-3.0500139515596465,51.750236719085805,1454284800000,0.08877863743712311,276.55566338287,-0.053189948201179504,2.0131706711889685,0.6552580512803177,2016,2,February,3.4056633828700456,88.77863743712311,53.189948201179504,2.1171252360460686,35.588689235943605,1.2911364976454769
2016-03-01,201603,-3.0500139515596465,51.750236719085805,1456790400000,0.08288630101473515,277.57069466703683,-0.07748636603355408,0.8437508959924022,-0.6179659763971964,2016,3,March,4.420694667036855,82.88630101473515,77.48636603355408,1.0458477530083057,5.399934981181076,0.8005577433263141
2016-04-01,201604,-3.0500139515596465,51.750236719085805,1459468800000,0.07041686606014608,278.9582411448161,-0.11585578322410583,0.7826326741112604,-0.44345549212561713,2016,4,April,5.808241144816122,70.41686606014608,115.85578322410583,0.8995369231348513,-45.43891716395976,0.07997172378453443
2016-05-01,201605,-3.0500139515596465,51.750236719085805,1462060800000,0.07799512945740616,284.3077100733275,-0.14715325832366943,-0.1808134650671354,-0.44087567765225644,2016,5,May,11.157710073327507,77.99512945740616,147.15325832366943,0.476513244616475,-69.15812886626327,-0.4922456307412612
2016-06-01,201606,-3.0500139515596465,51.750236719085805,1464739200000,0.09566591419353898,287.297271156311,-0.13020101934671402,1.0256186657481723,0.049720156192779544,2016,6,June,14.147271156311035,95.66591419353898,130.20101934671402,1.0268231305647997,-34.53510515317504,-0.7107164072540535
2016-07-01,201607,-3.0500139515596465,51.750236719085805,1467331200000,0.039570408125445766,288.4261344786613,-0.15705247968435287,2.5330682364843224,0.9441100384599419,2016,7,July,15.276134478661334,39.570408125445766,157.05247968435287,2.7032903017261445,-117.48207155890711,-1.0951768196790541
2016-08-01,201608,-3.0500139515596465,51.750236719085805,1470009600000,0.08189258106771291,288.81414950791225,-0.14554879069328308,1.852891069586559,0.8404008086009692,2016,8,August,15.66414950791227,81.89258106771291,145.54879069328308,2.034570921558348,-63.65620962557017,-1.0664361461500076
2016-09-01,201609,-3.0500139515596465,51.750236719085805,1472688000000,0.07605912236651946,287.76977074941,-0.09685637056827545,1.4778871085908678,1.473473181989458,2016,9,September,14.619770749410009,76.05912236651946,96.85637056827545,2.086929209096757,-20.79724820175599,-0.9941697960762529
2016-10-01,201610,-3.0500139515596465,51.750236719085805,1475280000000,0.047918080523206896,282.5657195429648,-0.06268060207366943,-0.8921926483031242,-0.45754040697569487,2016,10,October,9.415719542964837,47.918080523206896,62.680602073669434,1.0026719033171454,-14.762521550462537,-0.4373766549899953
2016-11-01,201611,-3.0500139515596465,51.750236719085805,1477958400000,0.0936102144884785,278.15632356007893,-0.03236287832260132,0.49735931290520563,-1.1369948612319098,2016,11,November,5.006323560078954,93.6102144884785,32.36287832260132,1.2410171637013359,61.247336165877186,0.24011088205238637
2016-12-01,201612,-3.0500139515596465,51.750236719085805,1480550400000,0.028210952526212196,278.54203679484704,-0.011792592704296112,0.8706164744592482,1.1754733939324655,2016,12,December,5.3920367948470584,28.210952526212196,11.792592704296112,1.4627750153194987,16.418359821916084,0.43288183639082733
2017-01-01,201701,-3.0500139515596465,51.750236719085805,1483228800000,0.07465510617885229,276.640993097777,-0.015558481216430664,0.8182888159187891,0.0870253809036747,2017,1,January,3.49099309777705,74.6551061788523,15.558481216430664,0.8229033984491761,59.09662496242163,0.7954757491125548
2017-02-01,201702,-3.0500139515596465,51.750236719085805,1485907200000,0.05704048006075624,278.11343102228074,-0.03903523087501526,1.0954360862572987,1.070748032558532,2017,2,February,4.9634310222807585,57.04048006075624,39.03523087501526,1.5318229559262633,18.00524918574098,0.5866248873193989
2017-03-01,201703,-3.0500139515596465,51.750236719085805,1488326400000,0.09281769544459806,280.4079882303874,-0.0792379379272461,1.4911502471534155,1.1232986565559142,2017,3,March,7.2579882303874115,92.81769544459806,79.2379379272461,1.866903567784371,13.579757517351965,0.572568992688134
2017-04-01,201704,-3.0500139515596465,51.750236719085805,1491004800000,0.02520766952933684,280.8181129243639,-0.11154738813638687,0.9991778651873271,-0.7415618843502468,2017,4,April,7.668112924363925,25.20766952933684,111.54738813638687,1.244295155741351,-86.33971860705003,-0.19308255366528773
2017-05-01,201705,-3.0500139515596465,51.750236719085805,1493596800000,0.07700487360021668,285.10290049481137,-0.14372413605451584,-0.4002774210386379,0.3553118795476934,2017,5,May,11.952900494811388,77.00487360021668,143.72413605451584,0.5352275642575386,-66.71926245429916,-0.658134166645611
2017-06-01,201706,-3.0500139515596465,51.750236719085805,1496275200000,0.07766290058386716,287.8897965961032,-0.15650969743728638,2.1114282104704114,1.0197763800621034,2017,6,June,14.739796596103247,77.66290058386716,156.50969743728638,2.3447969961817274,-78.84679685341922,-1.1508815274566442
2017-07-01,201707,-3.0500139515596465,51.750236719085805,1498867200000,0.10945841189682781,288.6230536635204,-0.16140153259038925,1.7294112110650668,0.6583371316232989,2017,7,July,15.473053663520432,109.45841189682781,161.40153259038925,1.8504785640021701,-51.94312069356144,-0.9707392271431821
2017-08-01,201708,-3.0500139515596465,51.750236719085805,1501545600000,0.07580833680250265,287.3787154946276,-0.12865854799747467,1.9156432010794198,0.9000558340421287,2017,8,August,14.228715494627636,75.80833680250265,128.65854799747467,2.11655129355163,-52.85021119497202,-0.8968941646804298
2017-09-01,201709,-3.0500139515596465,51.750236719085805,1504224000000,0.08584585560498681,285.3893114725749,-0.08708163350820541,1.5634308060010274,0.8653855178091261,2017,9,September,12.239311472574911,85.84585560498681,87.08163350820541,1.7869549461547125,-1.2357779032186045,-0.4748361444729995
2017-10-01,201710,-3.0500139515596465,51.750236719085805,1506816000000,0.04372606970131798,284.6484218925558,-0.07289223372936249,2.6251002973125828,1.3237754824340984,2017,10,October,11.498421892555825,43.72606970131798,72.89223372936249,2.939988622230406,-29.166164028044506,-0.3495655212202177
2017-11-01,201711,-3.0500139515596465,51.750236719085805,1509494400000,0.064684113703116,279.38153500027124,-0.03241243213415146,2.243855100207859,0.016229958004421657,2017,11,November,6.231535000271265,64.684113703116,32.41243213415146,2.2439137956404753,32.27168156896454,0.11381242963732224
2017-12-01,201712,-3.0500139515596465,51.750236719085805,1512086400000,0.11657043842641812,277.1606588466193,-0.020085498690605164,2.4231804968208395,0.08888229375244469,2017,12,December,4.010658846619322,116.57043842641812,20.085498690605164,2.4248100507700774,96.48493973581296,0.61654276036278
2018-01-01,201801,-3.0500139515596465,51.750236719085805,1514764800000,0.08573929291870996,277.30357705393146,-0.035134658217430115,2.2701055503660634,0.8727585346468033,2018,1,January,4.153577053931485,85.73929291870996,35.134658217430115,2.4320951193573093,50.60463470127985,0.9912468551010595
2018-02-01,201802,-3.0500139515596465,51.750236719085805,1517443200000,0.04161626877930402,274.82586917423066,-0.04728873819112778,0.23594218918255397,-0.5778442025184631,2018,2,February,1.6758691742306837,41.61626877930402,47.28873819112778,0.6241575434299058,-5.672469411823755,0.8173542768233008
2018-03-01,201803,-3.0500139515596465,51.750236719085805,1519862400000,0.16281574100397123,276.1962151681223,-0.05537053197622299,-0.6621847588528869,-0.2628992872853433,2018,3,March,3.0462151681223304,162.81574100397123,55.37053197622299,0.7124638167038361,107.44520902774823,0.8683994191409903
2018-04-01,201804,-3.0500139515596465,51.750236719085805,1522540800000,0.10484584020413834,281.34853043026396,-0.09456036239862442,0.2570331401295132,0.693535590171814,2018,4,April,8.198530430263986,104.84584020413834,94.56036239862442,0.7396334564903106,10.28547780551392,0.6773848873515147
2018-05-01,201805,-3.0500139515596465,51.750236719085805,1525132800000,0.09029822929308651,285.0859979198825,-0.13987483829259872,-0.053265786940051664,-0.5537866917989587,2018,5,May,11.935997919882539,90.29822929308651,139.87483829259872,0.556342470131463,-49.57660899951222,0.45957668878072055
2018-06-01,201806,-3.0500139515596465,51.750236719085805,1527811200000,0.018490102120530594,288.4454716364543,-0.18606273084878922,0.03546068403455946,-0.6232526514265272,2018,6,June,15.295471636454295,18.490102120530594,186.06273084878922,0.6242606247573165,-167.57262872825862,-1.020174649977549
2018-07-01,201807,-3.0500139515596465,51.750236719085805,1530403200000,0.06138688649440027,291.042941042172,-0.20131833106279373,0.6163386337218746,0.21326489474183769,2018,7,July,17.892941042172026,61.38688649440027,201.31833106279373,0.6521926300928232,-139.93144456839346,-1.7617200981795218
2018-08-01,201808,-3.0500139515596465,51.750236719085805,1533081600000,0.06271585366431509,288.483816536524,-0.1371580734848976,2.2111375460060696,0.8061201239144931,2018,8,August,15.333816536524012,62.71585366431509,137.1580734848976,2.3534992886205983,-74.44221982058252,-1.8739577414755004
2018-09-01,201809,-3.0500139515596465,51.750236719085805,1535760000000,0.0662326739517276,285.72471868726944,-0.10076942294836044,1.764758250448439,0.7269157197740342,2018,9,September,12.574718687269467,66.2326739517276,100.76942294836044,1.908606336094596,-34.53674899663284,-1.238167978789857
2018-10-01,201810,-3.0500139515596465,51.750236719085805,1538352000000,0.08869410312821913,282.68175071798345,-0.06739818304777145,0.8558802989221388,-0.12688923522990236,2018,10,October,9.53175071798347,88.69410312821913,67.39818304777145,0.8652352073859911,21.295920080447672,-0.37393795738229113
2018-11-01,201811,-3.0500139515596465,51.750236719085805,1541030400000,0.11967585132331493,280.2352541393704,-0.0329851433634758,-0.6751920964982775,1.6925225297609965,2018,11,November,7.08525413937042,119.67585132331493,32.9851433634758,1.822228547938568,86.69070795983913,0.4863652682997881
2018-12-01,201812,-3.0500139515596465,51.750236719085805,1543622400000,0.10938546836888463,279.87494134390226,-0.02484479546546936,1.6292277574539185,1.6518570441071705,2018,12,December,6.724941343902287,109.38546836888463,24.84479546546936,2.320132491868687,84.54067290341527,1.0497312998558563
2019-01-01,201901,-3.0500139515596465,51.750236719085805,1546300800000,0.03786284233349946,276.1237236146004,-0.021049864590168,1.7084998097471011,-0.4242759468734905,2019,1,January,2.9737236146004307,37.86284233349946,21.049864590168,1.7603924786823189,16.81297774333146,1.0299245068116154
2019-02-01,201902,-3.0500139515596465,51.750236719085805,1548979200000,0.05268523334799369,278.8670016697475,-0.03862827271223068,1.3957731950850714,1.650397165900185,2019,2,February,5.7170016697475035,52.68523334799369,38.62827271223068,2.161479497318758,14.056960635763005,0.6936034389626013
2019-03-01,201903,-3.0500139515596465,51.750236719085805,1551398400000,0.10379783929234776,279.76864872183853,-0.08936464041471481,2.92827747842317,0.7251248654498849,2019,3,March,6.618648721838554,103.79783929234776,89.36464041471481,3.0167225694674134,14.433198877632947,0.3424702626179832
2019-04-01,201904,-3.0500139515596465,51.750236719085805,1554076800000,0.08691047834338406,281.132138633728,-0.11459803581237793,-1.242922486199273,0.06270425849490696,2019,4,April,7.982138633728027,86.91047834338406,114.59803581237793,1.244503166220632,-27.687557468993873,0.10810738885254376
2019-05-01,201905,-3.0500139515596465,51.750236719085805,1556668800000,0.06423009208609542,283.30057769693354,-0.1430751234292984,0.7990016937255859,-0.4373510947791479,2019,5,May,10.150577696933567,64.23009208609542,143.0751234292984,0.9108675461782982,-78.84503134320298,-0.39823231290106126
2019-06-01,201906,-3.0500139515596465,51.750236719085805,1559347200000,0.13988932118358477,286.05192873213025,-0.13730266690254211,0.6292310569021436,0.4160814086596171,2019,6,June,12.901928732130273,139.88932118358477,137.30266690254211,0.7543576483355624,2.586654281042655,-0.46338493139323184
2019-07-01,201907,-3.0500139515596465,51.750236719085805,1561939200000,0.06814829812596912,289.538634064377,-0.1755889430642128,1.2550669972614577,0.02120241170288414,2019,7,July,16.388634064377015,68.14829812596912,175.5889430642128,1.2552460754278065,-107.44064493824368,-0.8972090565235953
2019-08-01,201908,-3.0500139515596465,51.750236719085805,1564617600000,0.09783375081814683,288.654180465206,-0.15170551091432571,2.127346497710033,1.8044132763339626,2019,8,August,15.504180465206048,97.83375081814683,151.7055109143257,2.7895358741427594,-53.87176009617889,-0.7627815015733428
2019-09-01,201909,-3.0500139515596465,51.750236719085805,1567296000000,0.11803066886221458,286.4240000194973,-0.10405270010232925,1.6184543901019626,0.5950440526008606,2019,9,September,13.27400001949735,118.03066886221458,104.05270010232925,1.724375839942085,13.977968759885329,-0.7009377075536736
2019-10-01,201910,-3.0500139515596465,51.750236719085805,1569888000000,0.17031620483023246,282.3754561844693,-0.054788850247859955,0.9178166658647599,0.6573105858218286,2019,10,October,9.225456184469294,170.31620483023246,54.788850247859955,1.1289130340165887,115.52735458237251,0.4973714460536836
2019-11-01,201911,-3.0500139515596465,51.750236719085805,1572566400000,0.14744569161230814,278.6081405003866,-0.02616860717535019,-0.13625968562232124,-0.2950240227911207,2019,11,November,5.458140500386605,147.44569161230814,26.16860717535019,0.32497057705236876,121.27708443695795,1.2972833014220546
2019-12-01,201912,-3.0500139515596465,51.750236719085805,1575158400000,0.10358354335424735,278.29349103537936,-0.022621937096118927,1.916751641099171,1.5188949620851906,2019,12,December,5.143491035379384,103.58354335424735,22.621937096118927,2.4456039662022424,80.96160625812843,1.5605436906107113
2020-01-01,202001,-3.0500139515596465,51.750236719085805,1577836800000,0.09211756913519409,278.3900900399813,-0.0222964808344841,2.0837151888878114,1.8403012970442414,2020,1,January,5.2400900399813395,92.11756913519409,22.2964808344841,2.780031987640517,69.82108830070999,1.3832889375747097
2020-02-01,202002,-3.0500139515596465,51.750236719085805,1580515200000,0.1864096108918929,278.31429492468123,-0.06621664017438889,4.0772399162424025,2.281676476029144,2020,2,February,5.164294924681258,186.4096108918929,66.21664017438889,4.672251371219781,120.19297071750401,1.378961840847392
2020-03-01,202003,-3.0500139515596465,51.750236719085805,1583020800000,0.07019404906939641,278.13813178770005,-0.09564262628555298,0.7081065049735449,0.04020242024493474,2020,3,March,4.98813178770007,70.19404906939641,95.64262628555298,0.7092468237358551,-25.448577216156565,0.924384917597897
2020-04-01,202004,-3.0500139515596465,51.750236719085805,1585699200000,0.05156678451622909,282.43547306060793,-0.13412149250507355,-1.015338283114963,-0.41443600787056817,2020,4,April,9.285473060607956,51.56678451622909,134.12149250507355,1.0966626800336257,-82.55470798884446,0.16878646022117708
2020-05-01,202005,-3.0500139515596465,51.750236719085805,1588291200000,0.012068266390574678,284.78098553483204,-0.2069578319787979,0.11293459964054887,-0.3302940732689314,2020,5,May,11.630985534832064,12.068266390574678,206.9578319787979,0.3490678997452405,-194.88956558822323,-1.5065461085570484
2020-06-01,202006,-3.0500139515596465,51.750236719085805,1590969600000,0.11709041539243614,286.9892101711697,-0.16385015100240707,0.6527348505126105,0.28111949761708577,2020,6,June,13.839210171169725,117.09041539243614,163.85015100240707,0.7106975144280461,-46.75973560997093,-1.6086350144450283
2020-07-01,202007,-3.0500139515596465,51.750236719085805,1593561600000,0.04841076051036097,287.48903372979936,-0.1550731137394905,2.4978010628813054,0.640008427763498,2020,7,July,14.339033729799382,48.41076051036097,155.0731137394905,2.5784919890004088,-106.66235322912954,-1.7214122878304121
2020-08-01,202008,-3.0500139515596465,51.750236719085805,1596240000000,0.1581007125441971,289.3873790002638,-0.14603827148675919,0.8608366545810494,0.6162238544033419,2020,8,August,16.237379000263843,158.1007125441971,146.0382714867592,1.0586650011245313,12.062441057437923,-0.6683913431740739
2020-09-01,202009,-3.0500139515596465,51.750236719085805,1598918400000,0.03851101540372426,286.1297195222643,-0.10604873299598694,1.0217479070027669,-0.10220886998706394,2020,9,September,12.979719522264304,38.51101540372426,106.04873299598694,1.0268473297275342,-67.53771759226268,-0.7812460354539693
2020-10-01,202010,-3.0500139515596465,51.750236719085805,1601510400000,0.14870907793011057,282.37022646011843,-0.05868341773748398,1.527124165206827,0.48450436258828766,2020,10,October,9.220226460118454,148.70907793011057,58.68341773748398,1.6021400354918203,90.02566019262659,0.28655769689768573
2020-11-01,202011,-3.0500139515596465,51.750236719085805,1604188800000,0.0754642839295343,280.6610051261054,-0.033684708178043365,1.510389584965176,1.6190424972110324,2020,11,November,7.511005126105431,75.4642839295343,33.684708178043365,2.2141759880701923,41.77957575149094,0.43983060548060565
2020-12-01,202012,-3.0500139515596465,51.750236719085805,1606780800000,0.17385603239870306,277.4554872615363,-0.01732931286096573,1.2147140772111955,0.9771079401816091,2020,12,December,4.305487261536314,173.85603239870306,17.32931286096573,1.5589323962702788,156.52671953773734,1.4475417979618859
2021-01-01,202101,-3.0500139515596465,51.750236719085805,1609459200000,0.11003976898922474,275.69466088407785,-0.014755874872207642,1.0751310471565492,-0.2488534258257958,2021,1,January,2.544660884077871,110.03976898922474,14.755874872207642,1.1035555247042048,95.2838941170171,1.4680294913617973
2021-02-01,202102,-3.0500139515596465,51.750236719085805,1612137600000,0.13434230610564413,277.1390225319635,-0.04459203779697418,-0.3929797013600667,1.7049329295044853,2021,2,February,3.989022531963542,134.34230610564413,44.59203779697418,1.7496369165600598,89.75026830866994,1.6489914954725995
2021-03-01,202103,-3.0500139515596465,51.750236719085805,1614556800000,0.05180465438239068,278.93407667836834,-0.08003070205450058,1.6851529446981286,0.3882663455060733,2021,3,March,5.784076678368365,51.80465438239068,80.03070205450058,1.7293036754941036,-28.2260476721099,0.8888466930935474
2021-04-01,202104,-3.0500139515596465,51.750236719085805,1617235200000,0.03624576243875666,278.63500535753036,-0.12857438623905182,-0.7405988097190856,-1.3470238818062676,2021,4,April,5.485005357530383,36.24576243875666,128.57438623905182,1.537192224516424,-92.32862380029516,-0.062375359873843246
2021-05-01,202105,-3.0500139515596465,51.750236719085805,1619827200000,0.17926794149243364,281.86734749168477,-0.1311306655406952,1.336881814464446,0.859532134507292,2021,5,May,8.71734749168479,179.26794149243364,131.1306655406952,1.5893547357643012,48.137275951738445,-0.289997189712199
2021-06-01,202106,-3.0500139515596465,51.750236719085805,1622505600000,0.06198125568515067,287.3194604449802,-0.15278694778680801,0.09506176047854953,-0.5913125554720561,2021,6,June,14.169460444980245,61.98125568515067,152.786947786808,0.5989050647341151,-90.80569210165734,-0.6336601293125171
2021-07-01,202107,-3.0500139515596465,51.750236719085805,1625097600000,0.1190979996501369,289.5796203613281,-0.15795862674713135,0.5724668656626055,-0.13128426126254503,2021,7,July,16.429620361328148,119.0979996501369,157.95862674713135,0.5873277360527254,-38.86062709699445,-0.340088686357112
2021-08-01,202108,-3.0500139515596465,51.750236719085805,1627776000000,0.06910565377342692,287.64794031778973,-0.12503692507743835,0.9722682699080436,0.08222262961890107,2021,8,August,14.497940317789755,69.10565377342692,125.03692507743835,0.9757387711326364,-55.93127130401143,-0.9073545347713096
2021-09-01,202109,-3.0500139515596465,51.750236719085805,1630454400000,0.07724492192835442,287.65867099761965,-0.09079264849424362,0.508041951391432,0.5046220978101095,2021,9,September,14.508670997619674,77.24492192835442,90.79264849424362,0.7160656994800756,-13.547726565889207,-0.4875340386940456
2021-10-01,202110,-3.0500139515596465,51.750236719085805,1633046400000,0.1495325525675355,284.30450660951675,-0.060464031994342804,1.8282775725087812,1.8238568100877988,2021,10,October,11.154506609516773,149.5325525675355,60.464031994342804,2.582450879657199,89.0685205731927,0.2079729272964726
2021-11-01,202111,-3.0500139515596465,51.750236719085805,1635724800000,0.015621889856198834,279.87565850151907,-0.0335657000541687,1.8203182140986125,-0.5406864762306214,2021,11,November,6.725658501519092,15.621889856198834,33.5657000541687,1.8989208161895135,-17.943810197969867,0.40567107216114423
2021-12-01,202112,-3.0500139515596465,51.750236719085805,1638316800000,0.09057572325540875,279.1325212704238,-0.021020106971263885,1.3685843226730183,0.8682662504975514,2021,12,December,5.982521270423831,90.57572325540875,21.020106971263885,1.6207742995307648,69.55561628414486,0.8138991760015332
2022-01-01,202201,-3.0500139515596465,51.750236719085805,1640995200000,0.03456185762892261,276.746402822515,-0.022347360849380493,1.9278629044050812,0.20436122468722764,2022,1,January,3.5964028225150173,34.56185762892261,22.347360849380493,1.9386642020568852,12.214496779542117,0.4375844071153478
2022-02-01,202202,-3.0500139515596465,51.750236719085805,1643673600000,0.11097394532062665,279.0747538975307,-0.05928000807762146,3.759090476092838,1.5975170859268732,2022,2,February,5.924753897530707,110.97394532062665,59.28000807762146,4.08446104734519,51.693937243005195,0.7799012518965406
2022-03-01,202203,-3.0500139515596465,51.750236719085805,1646092800000,0.07281597991156374,279.457909758373,-0.08562885969877243,-1.2822558226123932,0.2058020625063168,2022,3,March,6.307909758373,72.81597991156374,85.62885969877243,1.2986664250511903,-12.812879787208686,0.3723814023409794
2022-04-01,202204,-3.0500139515596465,51.750236719085805,1648771200000,0.0388758759830381,280.76337316301135,-0.12169401347637177,-0.019754999213748507,-0.4900490442911784,2022,4,April,7.613373163011374,38.8758759830381,121.69401347637177,0.4904470672811007,-82.81813749333367,-0.13392042021653908
2022-05-01,202205,-3.0500139515596465,51.750236719085805,1651363200000,0.08562577650061698,284.5958341988184,-0.14246679097414017,1.7128941320603894,0.8890728771045644,2022,5,May,11.445834198818432,85.62577650061698,142.46679097414017,1.929885200847424,-56.84101447352319,-0.7288655591874438
2022-06-01,202206,-3.0500139515596465,51.750236719085805,1654041600000,0.08295601317490053,286.6922308391995,-0.16413681954145432,0.7398348000314501,0.7635897702640957,2022,6,June,13.542230839199533,82.95601317490053,164.13681954145432,1.063214403866666,-81.18080636655378,-1.093428456467426
2022-07-01,202207,-3.0500139515596465,51.750236719085805,1656633600000,0.0250381180795749,290.10950275134013,-0.1847551017999649,1.2398636494913409,0.06578392239027125,2022,7,July,16.959502751340153,25.0381180795749,184.7551017999649,1.2416075844545393,-159.71698372039,-1.4815214807313053
2022-08-01,202208,-3.0500139515596465,51.750236719085805,1659312000000,0.04180690200642445,290.4025951918735,-0.17152497917413712,0.3778764150475943,-0.4097147808280042,2022,8,August,17.252595191873525,41.80690200642445,171.52497917413712,0.5573659360583146,-129.71807716771266,-1.8231910539166125
2022-09-01,202209,-3.0500139515596465,51.750236719085805,1661990400000,0.1085138471086573,286.20244473351374,-0.10030295699834824,0.44889057874679567,-0.1948644479115804,2022,9,September,13.052444733513767,108.5138471086573,100.30295699834824,0.4893617320015105,8.210890110309066,-1.4004710094397481
2022-10-01,202210,-3.0500139515596465,51.750236719085805,1664582400000,0.14831981454280552,284.9367512323523,-0.06806408613920212,1.132516998116688,2.2905228150788175,2022,10,October,11.786751232352344,148.31981454280552,68.06408613920212,2.555208311942458,80.2557284036034,-0.11926242121862808
2022-11-01,202211,-3.0500139515596465,51.750236719085805,1667260800000,0.15823062126560217,281.18623008728025,-0.035494767129421234,1.7023411485883924,2.3019447803497313,2022,11,November,8.036230087280273,158.23062126560217,35.494767129421234,2.863025525201726,122.73585413618093,1.1310651392224833
2022-12-01,202212,-3.0500139515596465,51.750236719085805,1669852800000,0.09608988754655456,276.17088957755794,-0.013458967208862305,0.6926087051309565,0.8346283858822238,2022,12,December,3.0208895775579663,96.08988754655456,13.458967208862305,1.0845788864548058,82.63092033769226,1.4369328887197945
2023-01-01,202301,-3.0500139515596465,51.750236719085805,1672531200000,0.09955501885754714,277.01130444516417,-0.031048551201820374,2.57109724321673,1.1285155229671027,2023,1,January,3.861304445164194,99.55501885754714,31.048551201820374,2.8078618768832597,68.50646765572677,1.390514092818417
2023-02-01,202302,-3.0500139515596465,51.750236719085805,1675209600000,0.009978474945814497,278.1447075208028,-0.03628957271575928,1.24397531577519,0.01676352960722787,2023,2,February,4.9947075208028195,9.978474945814497,36.28957271575928,1.2440882614118969,-26.31109776994478,0.738832165798107
2023-03-01,202303,-3.0500139515596465,51.750236719085805,1677628800000,0.17133486801314035,278.86045423118014,-0.061089009046554565,1.0773888941734069,1.183772874134843,2023,3,March,5.710454231180165,171.33486801314035,61.089009046554565,1.6006514445142837,110.24585896658579,0.8686948686144321
2023-04-01,202304,-3.0500139515596465,51.750236719085805,1680307200000,0.09223588745971156,280.4284644232856,-0.09488052874803543,-0.036046800348493786,0.20065773725509645,2023,4,April,7.278464423285641,92.23588745971156,94.88052874803543,0.2038698097701067,-2.644641288323868,0.5257717675716711
2023-05-01,202305,-3.0500139515596465,51.750236719085805,1682899200000,0.0553440688749518,284.72081020314204,-0.15748505294322968,-0.5872972293566632,-1.138340869257527,2023,5,May,11.57081020314206,55.3440688749518,157.48505294322968,1.28091294404889,-102.14098406827787,0.1329800556913638
2023-06-01,202306,-3.0500139515596465,51.750236719085805,1685577600000,0.08029199355671324,288.86698184543184,-0.1819709613919258,-0.2656117558479309,-0.24692458576626247,2023,6,June,15.71698184543186,80.29199355671324,181.9709613919258,0.36265873200636045,-101.67896783521257,-1.0180716536183967
2023-07-01,202307,-3.0500139515596465,51.750236719085805,1688169600000,0.1316641085448964,287.4716374592115,-0.15272170305252075,2.5235088935462375,1.6668163012432795,2023,7,July,14.321637459211502,131.6641085448964,152.72170305252075,3.0242972271086854,-21.057594507624344,-1.1144489455489217
2023-08-01,202308,-3.0500139515596465,51.750236719085805,1690848000000,0.09614322528604546,287.8512200181202,-0.127273790538311,1.6011828453310075,0.6764774514782813,2023,8,August,14.701220018120239,96.14322528604546,127.273790538311,1.7382198498869041,-31.13056525226554,-0.7364393793108859
2023-09-01,202309,-3.0500139515596465,51.750236719085805,1693526400000,0.08978659292569091,288.5312845865885,-0.09286889433860779,0.784476293457879,1.1148983187145658,2023,9,September,15.38128458658855,89.78659292569091,92.86889433860779,1.3632319377383946,-3.082301412916877,-0.19590751104093654
2023-10-01,202310,-3.0500139515596465,51.750236719085805,1696118400000,0.151955429931391,284.30382632183773,-0.05750645697116852,0.7505058588520173,1.0897590870498328,2023,10,October,11.153826321837755,151.955429931391,57.50645697116852,1.3231908070943093,94.44897296022248,0.4192727561726037
2023-11-01,202311,-3.0500139515596465,51.750236719085805,1698796800000,0.09935092631409503,279.5893343395657,-0.03415036201477051,1.9632099257575142,0.3228214118215773,2023,11,November,6.4393343395657325,99.35092631409503,34.15036201477051,1.989574546611235,65.20056429932453,0.8877378543772447
2023-12-01,202312,-3.0500139515596465,51.750236719085805,1701388800000,0.17370843842795836,279.40687468744096,-0.03118818998336792,2.817087633635408,1.331685834033515,2023,12,December,6.256874687440984,173.70843842795836,31.18818998336792,3.1159861835616476,142.52024844459044,1.5011748271272993
2024-01-01,202401,-3.0500139515596465,51.750236719085805,1704067200000,0.08174569390572017,276.7464545055102,-0.029837504029273987,1.3683947799026326,0.6196924563377134,2024,1,January,3.5964545055102235,81.74569390572017,29.837504029273987,1.502172764400501,51.90818987644619,1.3333203019525643
2024-02-01,202402,-3.0500139515596465,51.750236719085805,1706745600000,0.11772745154024378,279.73856906233163,-0.033312439918518066,2.015848721580944,1.2005951294953796,2024,2,February,6.588569062331658,117.72745154024378,33.312439918518066,2.346289567224718,84.41501162172571,1.4102329457358689
2024-03-01,202403,-3.0500139515596465,51.750236719085805,1709251200000,0.13575702577217186,279.33280998147944,-0.06432978063821793,0.40483468450525756,1.3657427141743321,2024,3,March,6.1828099814794655,135.75702577217186,64.32978063821793,1.4244803554625605,71.42724513395393,1.1161733351277014
2024-04-01,202404,-3.0500139515596465,51.750236719085805,1711929600000,0.1112141500558792,281.1952386432224,-0.11039401590824127,1.4731336408191258,0.9192658450868395,2024,4,April,8.045238643222433,111.2141500558792,110.39401590824127,1.7364251834318214,0.8201341476379298,0.8881759202574171
2024-05-01,202405,-3.0500139515596465,51.750236719085805,1714521600000,0.11422968787789145,285.28478624487434,-0.13279951363801956,0.3542214824307349,0.07650243979628368,2024,5,May,12.134786244874363,114.22968787789145,132.79951363801956,0.3623885786144639,-18.56982576012811,0.3856659550648101
2024-06-01,202406,-3.0500139515596465,51.750236719085805,1717200000000,0.03321426084160706,286.0503595987956,-0.16420451551675797,1.7567354520161946,-0.09341796769036187,2024,6,June,12.900359598795603,33.21426084160706,164.20451551675797,1.7592175434146686,-130.9902546751509,-0.7085835753554132
2024-07-01,202407,-3.0500139515596465,51.750236719085805,1719792000000,0.08952604272975151,287.9875760847522,-0.1475825309753418,1.4716715812683105,0.6063366679735082,2024,7,July,14.837576084752243,89.52604272975151,147.5825309753418,1.5916850813028267,-58.05648824559029,-1.0241392003185394
2024-08-01,202408,-3.0500139515596465,51.750236719085805,1722470400000,0.04093546893833633,288.61422645404775,-0.154098279774189,2.176589185191739,1.6124755836302234,2024,8,August,15.464226454047775,40.93546893833633,154.098279774189,2.7088037929863558,-113.16281083585267,-1.503235924883453
2024-09-01,202409,-3.0500139515596465,51.750236719085805,1725148800000,0.20786988089569292,285.7798547744751,-0.07983552664518356,0.2874096486303541,-1.0540874123573303,2024,9,September,12.62985477447512,207.86988089569292,79.83552664518356,1.0925678830242065,128.03435425050935,-0.12981400382290573
2024-10-01,202410,-3.0500139515596465,51.750236719085805,1727740800000,0.14112544442647845,283.68485963472756,-0.05074021965265274,0.1266421938455233,1.094512080633512,2024,10,October,10.534859634727582,141.12544442647845,50.74021965265274,1.1018143854183002,90.38522477382571,0.6442960094552446
2024-11-01,202411,-3.0500139515596465,51.750236719085805,1730419200000,0.08961300411597506,280.21085294087726,-0.024495568126440048,0.24262508418824938,0.44903797176149157,2024,11,November,7.060852940877282,89.61300411597506,24.495568126440048,0.5103939963998687,65.11743598953501,1.4287428701989977
2024-12-01,202412,-3.0500139515596465,51.750236719085805,1733011200000,0.07816438335943943,279.47059155535953,-0.03656415641307831,2.116360633603988,0.021047604981289113,2024,12,December,6.320591555359556,78.16438335943943,36.56415641307831,2.11646529221344,41.60022694636112,1.0698341553090214
2025-01-01,202501,-3.0500139515596465,51.750236719085805,1735689600000,0.11799042814586258,275.57480200900824,-0.020247317850589752,1.1136496502866027,0.9722686582996,2025,1,January,2.4248020090082605,117.99042814586258,20.247317850589752,1.4783510704481453,97.74311029527283,1.1019220058240191
2025-02-01,202502,-3.0500139515596465,51.750236719085805,1738368000000,0.08339989406601944,277.2494991166251,-0.03544703125953674,-0.46619180128687904,0.7773876232760293,2025,2,February,4.099499116625111,83.39989406601944,35.44703125953674,0.9064581139853394,47.9528628064827,1.0266082334748217
2025-03-01,202503,-3.0500139515596465,51.750236719085805,1740787200000,0.019696410692588984,279.08181926768316,-0.0775696188211441,-0.4044561527108633,-0.5030854376413489,2025,3,March,5.931819267683181,19.696410692588984,77.5696188211441,0.6455073485503172,-57.87320812855512,0.558370942104822
2025-04-01,202504,-3.0500139515596465,51.750236719085805,1743465600000,0.06651082477787895,282.44021667904326,-0.12916259467601776,-1.1745668053627014,0.06759856012132433,2025,4,April,9.290216679043283,66.51082477787895,129.16259467601776,1.1765104103196105,-62.65176989813881,-0.29084737442234954
2025-05-01,202505,-3.0500139515596465,51.750236719085805,1746057600000,0.03598572886451379,285.5415355723391,-0.1811482086777687,0.16029034378708049,-0.5578054984410604,2025,5,May,12.391535572339137,35.98572886451379,181.1482086777687,0.5803791591730878,-145.16247981325492,-1.3230353378464161
2025-06-01,202506,-3.0500139515596465,51.750236719085805,1748736000000,0.07028739073173185,288.3935051176283,-0.17983044683933258,2.30528699821896,1.6166398485501607,2025,6,June,15.243505117628331,70.28739073173185,179.83044683933258,2.815647801852652,-109.54305610760073,-1.5760806589145975
2025-07-01,202507,-3.0500139515596465,51.750236719085805,1751328000000,0.05426741322298412,290.22754090832126,-0.20018789917230606,1.7570550018741238,-0.24994144644788516,2025,7,July,17.077540908321282,54.26741322298412,200.18789917230606,1.7747430817623542,-145.92048594932194,-1.956292735107233
2025-08-01,202508,-3.0500139515596465,51.750236719085805,1754006400000,0.038339682734797265,289.46300162038494,-0.17780014872550964,0.7830963339856876,0.5306703441886491,2025,8,August,16.313001620384966,38.339682734797265,177.80014872550964,0.9459655820922466,-139.46046599071238,-1.9313382089586149
